Geo_NAME,Geo_QName,Geo_AREALAND,Geo_AREAWATR,Geo_SUMLEV,Geo_GEOCOMP,Geo_REGION,Geo_DIVISION,Geo_FIPS,Geo_STATE,Geo_COUNTY,SE_T001_001,SE_T003_001,SE_T003_002,SE_T003_003,SE_T008_001,SE_T008_002,SE_T008_003,SE_T008_004,SE_T008_005,SE_T008_006,SE_T008_007,SE_T008_008,SE_T008_009,SE_T008_010,SE_T008_011,SE_T008_012,SE_T008_013,SE_T055_001,SE_T055_002,SE_T055_003,SE_T055_004,SE_T055_005,SE_T055_006,SE_T055_007,SE_T055_008,SE_T055_009,SE_T055_010,SE_T055_011,SE_T055_012,SE_T055_013,SE_T055_014,SE_T055_015,SE_T055_016,SE_T055_017
"Appling County","Appling County, Georgia","1313333924","13417422","050","00","3","5","13001","13","001",18236,18236,9159,9077,18236,1306,1286,1331,771,1500,2193,2372,2688,2333,1489,712,255,18236,16532,12854,3360,40,125,11,10,132,1704,531,32,28,1,12,1037,63
"Atkinson County","Atkinson County, Georgia","878994487","13343157","050","00","3","5","13003","13","003",8375,8375,4240,4135,8375,708,648,682,392,804,1146,1136,1097,872,570,254,66,8375,6336,4776,1428,31,17,14,4,66,2039,437,25,16,6,10,1481,64
"Bacon County","Bacon County, Georgia","669707907","70568892","050","00","3","5","13005","13","005",11096,11096,5491,5605,11096,825,796,779,426,944,1483,1506,1443,1414,885,469,126,11096,10305,8431,1696,8,34,10,6,120,791,294,8,12,4,0,450,23
"Baker County","Baker County, Georgia","885629946","18634158","050","00","3","5","13007","13","007",3451,3451,1673,1778,3451,220,222,223,136,295,360,422,520,523,298,165,67,3451,3306,1642,1600,9,24,2,1,28,145,33,13,0,1,0,84,14
"Baldwin County","Baldwin County, Georgia","667812053","24779162","050","00","3","5","13009","13","009",45720,45720,22683,23037,45720,2775,2647,2407,1522,8412,5528,5161,6365,5395,3245,1651,612,45720,44801,24704,18866,85,580,18,55,493,919,417,99,13,2,1,324,63
"Banks County","Banks County, Georgia","601112234","4651183","050","00","3","5","13011","13","011",18395,18395,9298,9097,18395,1132,1315,1374,822,1569,2101,2668,2817,2297,1490,617,193,18395,17354,16526,416,36,165,0,9,202,1041,351,11,21,0,3,597,58
"Barrow County","Barrow County, Georgia","415198674","6817600","050","00","3","5","13013","13","013",69367,69367,34208,35159,69367,5832,5634,5165,2958,5765,10755,10427,9421,6938,3893,1887,692,69367,63330,51736,7769,130,2359,28,141,1167,6037,2929,120,56,23,8,2460,441
"Bartow County","Bartow County, Georgia","1190213681","27373871","050","00","3","5","13015","13","015",100157,100157,49433,50724,100157,6980,7572,7670,4578,8712,12852,15116,14894,11172,6464,3094,1053,100157,92467,79803,10024,288,705,54,102,1491,7690,3059,154,105,14,6,3751,601
"Ben Hill County","Ben Hill County, Georgia","647809208","9807089","050","00","3","5","13017","13","017",17634,17634,8439,9195,17634,1398,1279,1237,754,1515,2193,2145,2432,2213,1394,787,287,17634,16608,10164,6087,47,120,2,15,173,1026,282,17,9,6,0,650,62
"Berrien County","Berrien County, Georgia","1170407787","15503056","050","00","3","5","13019","13","019",19286,19286,9501,9785,19286,1325,1410,1345,859,1679,2308,2594,2780,2322,1598,815,251,19286,18401,16050,2040,44,82,3,8,174,885,277,23,12,0,1,502,70
"Bibb County","Bibb County, Georgia","646879637","14514058","050","00","3","5","13021","13","021",155547,155547,73286,82261,155547,11465,10931,10833,6890,16424,20188,19047,21631,18449,10462,6602,2625,155547,151158,65494,80744,287,2492,74,215,1852,4389,1705,372,45,39,46,1799,383
"Bleckley County","Bleckley County, Georgia","559100179","8447354","050","00","3","5","13023","13","023",13063,13063,6217,6846,13063,754,766,820,609,2158,1316,1471,1790,1408,1060,637,274,13063,12762,9000,3533,7,109,3,8,102,301,151,31,6,1,0,86,26
"Brantley County","Brantley County, Georgia","1145713216","12535638","050","00","3","5","13025","13","025",18411,18411,9189,9222,18411,1326,1284,1434,849,1544,2125,2555,2726,2308,1409,682,169,18411,18068,17198,531,56,37,2,10,234,343,182,7,2,1,0,113,38
"Brooks County","Brooks County, Georgia","1276982395","12314550","050","00","3","5","13027","13","027",16243,16243,7901,8342,16243,1095,1041,1004,710,1401,1805,2017,2425,2185,1472,824,264,16243,15390,9425,5695,48,51,5,17,149,853,297,34,1,0,9,460,52
"Bryan County","Bryan County, Georgia","1129148153","47887043","050","00","3","5","13029","13","029",30233,30233,14852,15381,30233,2203,2499,2545,1610,2339,3647,4504,4797,3374,1649,792,274,30233,28897,23446,4210,81,473,22,62,603,1336,808,76,17,13,3,264,155
"Bulloch County","Bulloch County, Georgia","1742568254","40963315","050","00","3","5","13031","13","031",70217,70217,35030,35187,70217,4197,4044,3761,2391,19579,8758,7238,7628,6220,3752,1933,716,70217,67778,46251,19252,142,1013,58,106,956,2439,964,157,41,7,6,1059,205
"Burke County","Burke County, Georgia","2141836337","20758796","050","00","3","5","13033","13","033",23316,23316,11186,12130,23316,1774,1893,1774,1144,2154,2672,2816,3419,2903,1663,840,264,23316,22699,10844,11469,47,68,20,11,240,617,226,64,2,9,0,249,67
"Butts County","Butts County, Georgia","477576117","9448312","050","00","3","5","13035","13","035",23655,23655,12522,11133,23655,1425,1486,1499,915,2236,3262,3358,3608,2881,1774,855,356,23655,23058,16200,6431,52,100,3,19,253,597,346,38,7,9,0,135,62
"Calhoun County","Calhoun County, Georgia","726147317","8315704","050","00","3","5","13037","13","037",6694,6694,3953,2741,6694,368,398,349,205,609,1058,1046,1058,806,390,281,126,6694,6432,2250,4092,9,30,0,2,49,262,76,13,1,0,18,139,15
"Camden County","Camden County, Georgia","1587727882","437293017","050","00","3","5","13039","13","039",50513,50513,25569,24944,50513,3983,3680,3675,2314,6559,7277,6563,6921,4985,3033,1192,331,50513,47923,35977,9621,230,706,70,72,1247,2590,1580,178,29,18,6,495,284
"Candler County","Candler County, Georgia","629480666","15058435","050","00","3","5","13043","13","043",10998,10998,5437,5561,10998,788,805,771,455,1044,1298,1338,1467,1448,946,458,180,10998,9771,6949,2669,8,57,1,11,76,1227,304,14,1,0,4,866,38
"Carroll County","Carroll County, Georgia","1292600278","12327627","050","00","3","5","13045","13","045",110527,110527,53793,56734,110527,7803,7878,7744,4699,14473,14732,14722,14651,11717,7229,3600,1279,110527,103727,80531,19862,296,836,19,249,1934,6800,3048,227,93,17,13,2872,530
"Catoosa County","Catoosa County, Georgia","419990951","779612","050","00","3","5","13047","13","047",63942,63942,31028,32914,63942,4084,4426,4667,2763,5211,7861,9324,9199,7751,5070,2764,822,63942,62473,59149,1356,191,762,30,49,936,1469,696,36,21,21,4,572,119
"Charlton County","Charlton County, Georgia","2003553604","22786057","050","00","3","5","13049","13","049",12171,12171,6847,5324,12171,728,691,719,504,1153,1723,1852,1949,1309,956,456,131,12171,11861,8116,3443,38,76,3,5,180,310,236,21,7,0,0,34,12
"Chatham County","Chatham County, Georgia","1104465640","533085725","050","00","3","5","13051","13","051",265128,265128,127704,137424,265128,18526,16475,15308,9698,34815,40919,31766,34809,29948,18028,10441,4395,265128,250758,133492,105274,587,6229,224,476,4476,14370,6518,1118,104,82,30,5295,1223
"Chattahoochee County","Chattahoochee County, Georgia","644223521","6292717","050","00","3","5","13053","13","053",11267,11267,7039,4228,11267,1071,892,747,343,2964,2401,1268,709,452,267,124,29,11267,9869,7089,2047,67,231,62,13,360,1398,664,76,14,15,10,481,138
"Chattooga County","Chattooga County, Georgia","811541767","570807","050","00","3","5","13055","13","055",26015,26015,13513,12502,26015,1578,1610,1714,956,2221,3378,3619,3868,3270,2098,1230,473,26015,24972,21589,2886,48,108,2,24,315,1043,239,13,19,0,25,648,99
"Cherokee County","Cherokee County, Georgia","1092129613","32974694","050","00","3","5","13057","13","057",214346,214346,105874,108472,214346,15801,17353,16510,9256,16402,27566,35412,32916,23432,12633,5293,1772,214346,193780,174243,11633,536,3484,84,487,3313,20566,11293,484,278,54,51,7248,1158
"Clarke County","Clarke County, Georgia","308727523","4752204","050","00","3","5","13059","13","059",116714,116714,55388,61326,116714,6960,5679,4894,2890,35426,19584,11744,10400,9185,5414,3116,1422,116714,104522,66674,30695,141,4811,48,270,1883,12192,5564,293,106,58,36,5493,642
"Clay County","Clay County, Georgia","506035709","56598884","050","00","3","5","13061","13","061",3183,3183,1462,1721,3183,205,199,196,117,253,302,283,450,555,353,188,82,3183,3157,1188,1920,11,10,1,0,27,26,9,3,0,0,0,4,10
"Clayton County","Clayton County, Georgia","366664243","7152613","050","00","3","5","13063","13","063",259424,259424,124232,135192,259424,21939,20779,20026,12235,27767,39896,39909,35713,23924,10876,4921,1439,259424,223977,36610,169020,562,12839,103,467,4376,35447,12350,2460,403,98,36,17909,2191
"Clinch County","Clinch County, Georgia","2072566618","61565598","050","00","3","5","13065","13","065",6798,6798,3315,3483,6798,526,529,464,324,618,778,860,949,882,526,273,69,6798,6562,4536,1876,38,13,4,16,79,236,45,10,6,0,0,160,15
"Cobb County","Cobb County, Georgia","879428364","12868473","050","00","3","5","13067","13","067",688078,688078,334369,353709,688078,48318,49463,48641,30065,62867,100817,108793,104692,74450,35949,17521,6502,688078,603748,387438,168053,1332,30432,267,2961,13265,84330,40585,3721,982,225,79,33340,5398
"Coffee County","Coffee County, Georgia","1489494986","71361932","050","00","3","5","13069","13","069",42356,42356,21455,20901,42356,3113,3035,3116,1837,4384,5806,5917,5777,4680,2828,1369,494,42356,38004,25907,11227,87,302,9,46,426,4352,1479,56,30,1,6,2629,151
"Colquitt County","Colquitt County, Georgia","1409350694","32337972","050","00","3","5","13071","13","071",45498,45498,22576,22922,45498,3788,3456,3269,2071,4349,5926,5989,5835,4952,3337,1790,736,45498,37735,26759,10143,100,289,12,42,390,7763,2682,67,118,5,7,4626,258
"Columbia County","Columbia County, Georgia","751329062","45363096","050","00","3","5","13073","13","073",124053,124053,60328,63725,124053,8305,9424,9979,6102,10100,15208,17984,19305,14946,7663,3730,1307,124053,117878,91517,18084,350,4726,185,213,2803,6175,3350,355,43,35,16,1690,686
"Cook County","Cook County, Georgia","588345665","15647080","050","00","3","5","13075","13","075",17212,17212,8372,8840,17212,1305,1288,1336,753,1534,2122,2241,2308,2005,1377,686,257,17212,16188,11171,4684,38,113,2,16,164,1024,354,20,2,1,3,573,71
"Coweta County","Coweta County, Georgia","1141905439","12754711","050","00","3","5","13077","13","077",127317,127317,62242,65075,127317,9283,9748,9886,5915,9670,16228,19940,19102,14305,8215,3789,1236,127317,118824,92604,21744,284,1895,54,182,2061,8493,3990,285,92,39,14,3494,579
"Crawford County","Crawford County, Georgia","841456435","4054558","050","00","3","5","13079","13","079",12630,12630,6381,6249,12630,728,771,831,538,1056,1327,1750,2191,1776,1079,477,106,12630,12329,9282,2806,52,32,2,7,148,301,146,12,6,1,6,120,10
"Crisp County","Crisp County, Georgia","705987965","21672328","050","00","3","5","13081","13","081",23439,23439,11221,12218,23439,1696,1679,1676,1071,2016,2739,2836,3289,3164,1760,1084,429,23439,22691,12216,10033,24,183,6,15,214,748,271,46,8,0,5,405,13
"Dade County","Dade County, Georgia","450609395","463485","050","00","3","5","13083","13","083",16633,16633,8192,8441,16633,912,949,1024,701,2095,1835,2033,2497,2190,1409,761,227,16633,16341,15796,142,65,114,5,24,195,292,177,3,9,4,4,72,23
"Dawson County","Dawson County, Georgia","546046104","9269206","050","00","3","5","13085","13","085",22330,22330,11164,11166,22330,1275,1445,1509,854,1850,2576,3026,3417,3246,2138,825,169,22330,21410,20847,97,73,124,8,13,248,920,504,8,9,2,1,341,55
"Decatur County","Decatur County, Georgia","1546584607","67412720","050","00","3","5","13087","13","087",27842,27842,13605,14237,27842,1867,1931,2057,1227,2592,3351,3544,4063,3331,2146,1291,442,27842,26438,14615,11366,57,138,3,33,226,1404,481,72,60,6,3,670,112
"DeKalb County","DeKalb County, Georgia","693033963","9220158","050","00","3","5","13089","13","089",691893,691893,331355,360538,691893,50407,45290,42797,26642,69700,118649,107145,96245,72790,35465,19067,7696,691893,624069,203395,370963,1239,35173,245,1644,11410,67824,26761,4762,1240,253,97,29609,5102
"Dodge County","Dodge County, Georgia","1284348917","18709412","050","00","3","5","13091","13","091",21796,21796,11449,10347,21796,1355,1308,1339,1075,2232,2632,3048,3171,2621,1767,950,298,21796,21064,14273,6451,39,101,3,11,186,732,276,53,16,0,11,347,29
"Dooly County","Dooly County, Georgia","1015120132","13841107","050","00","3","5","13093","13","093",14918,14918,8053,6865,14918,857,882,884,536,1242,2087,2053,2270,2052,1237,603,215,14918,14056,6461,7381,16,93,3,6,96,862,349,61,0,3,0,409,40
"Dougherty County","Dougherty County, Georgia","851299438","15395037","050","00","3","5","13095","13","095",94565,94565,43927,50638,94565,7150,6711,6580,3893,12374,12510,10789,12129,10972,6177,3866,1414,94565,92492,27315,63198,177,719,52,84,947,2073,671,272,32,17,68,837,176
"Douglas County","Douglas County, Georgia","518170971","2484238","050","00","3","5","13097","13","097",132403,132403,63772,68631,132403,9732,10357,10864,6580,11136,17505,21998,19456,13531,7241,3004,999,132403,121278,64911,51387,321,1876,128,327,2328,11125,4547,903,78,28,9,4731,829
"Early County","Early County, Georgia","1327612162","9717191","050","00","3","5","13099","13","099",11008,11008,5191,5817,11008,717,809,824,551,908,1165,1319,1550,1374,999,581,211,11008,10837,5250,5441,34,37,2,5,68,171,74,21,5,0,0,55,16
"Echols County","Echols County, Georgia","1074571687","15087403","050","00","3","5","13101","13","101",4034,4034,2040,1994,4034,358,332,279,214,404,634,550,492,373,228,141,29,4034,2851,2555,163,55,12,1,9,56,1183,468,8,17,1,1,630,58
"Effingham County","Effingham County, Georgia","1237236175","13547899","050","00","3","5","13103","13","103",52250,52250,26017,26233,52250,3668,4153,4406,2679,4364,6761,7905,8054,5497,3061,1313,389,52250,50749,42311,6982,135,425,16,66,814,1501,871,66,21,2,10,365,166
"Elbert County","Elbert County, Georgia","909228765","59986806","050","00","3","5","13105","13","105",20166,20166,9656,10510,20166,1311,1226,1330,832,1745,2225,2477,2934,2696,1848,1130,412,20166,19199,12956,5906,37,121,5,15,159,967,341,44,12,0,0,525,45
"Emanuel County","Emanuel County, Georgia","1762755669","24806585","050","00","3","5","13107","13","107",22598,22598,11038,11560,22598,1656,1570,1564,958,2089,2964,2701,3155,2779,1821,978,363,22598,21677,13733,7541,46,154,3,33,167,921,195,21,12,0,0,648,45
"Evans County","Evans County, Georgia","473586453","10403527","050","00","3","5","13109","13","109",11000,11000,5387,5613,11000,847,857,700,433,1053,1489,1417,1492,1207,844,496,165,11000,9559,6228,3165,9,60,0,5,92,1441,243,40,10,14,17,1092,25
"Fannin County","Fannin County, Georgia","1001608266","13564152","050","00","3","5","13111","13","111",23682,23682,11547,12135,23682,1131,1272,1333,795,1506,2074,2591,3679,4104,3067,1634,496,23682,23251,22761,75,68,72,6,17,252,431,246,8,3,5,0,139,30
"Fayette County","Fayette County, Georgia","503344101","12896707","050","00","3","5","13113","13","113",106567,106567,51505,55062,106567,4913,7455,9371,6360,7292,7991,14475,19872,15293,8044,3920,1581,106567,99807,72202,21117,221,4106,61,221,1879,6760,3600,278,95,24,14,2240,509
"Floyd County","Floyd County, Georgia","1320662374","22156077","050","00","3","5","13115","13","115",96317,96317,46640,49677,96317,6521,6559,6467,3898,9939,11701,12558,13431,11541,7439,4538,1725,96317,87330,70959,13494,194,1225,56,108,1294,8987,3096,146,150,28,60,5002,505
"Forsyth County","Forsyth County, Georgia","580210822","59946531","050","00","3","5","13117","13","117",175511,175511,87194,88317,175511,13593,16640,15465,7707,9856,19264,32802,27437,17109,9939,4342,1357,175511,158961,140943,4287,362,10875,54,316,2124,16550,9003,223,213,50,12,6297,752
"Franklin County","Franklin County, Georgia","677273046","12832270","050","00","3","5","13119","13","119",22084,22084,10911,11173,22084,1291,1379,1416,870,2109,2407,2772,3195,2916,2141,1174,414,22084,21218,18913,1821,29,121,4,25,305,866,367,29,13,0,0,384,73
"Fulton County","Fulton County, Georgia","1363977166","19917366","050","00","3","5","13121","13","121",920581,920581,448267,472314,920581,62581,61510,59877,35718,98241,153601,142271,129027,94331,47108,24745,11571,920581,848015,376014,400457,1586,51304,287,2582,15785,72566,33683,5118,673,265,48,28285,4494
"Gilmer County","Gilmer County, Georgia","1104733530","12189698","050","00","3","5","13123","13","123",28292,28292,14146,14146,28292,1670,1680,1784,1095,1988,3015,3501,4174,4370,3228,1400,387,28292,25615,25078,98,72,65,15,18,269,2677,1037,37,22,9,24,1446,102
"Glascock County","Glascock County, Georgia","372283969","1847855","050","00","3","5","13125","13","125",3082,3082,1487,1595,3082,199,220,248,146,218,354,399,464,369,240,157,68,3082,3049,2750,251,7,1,0,5,35,33,17,2,0,0,0,14,0
"Glynn County","Glynn County, Georgia","1087155362","428629840","050","00","3","5","13127","13","127",79626,79626,37855,41771,79626,5352,5348,5282,3249,6807,9493,9945,11639,10535,6899,3676,1401,79626,74500,51602,20525,146,894,74,107,1152,5126,2221,201,86,27,21,2292,278
"Gordon County","Gordon County, Georgia","921538864","5787657","050","00","3","5","13129","13","129",55186,55186,27283,27903,55186,4110,4142,4060,2563,4845,7104,8005,7752,6182,3934,1914,575,55186,47448,44107,1945,130,522,49,44,651,7738,2925,60,72,18,22,4208,433
"Grady County","Grady County, Georgia","1177219063","14859042","050","00","3","5","13131","13","131",25011,25011,12115,12896,25011,1890,1785,1704,1048,2127,3155,3154,3556,3056,2064,1088,384,25011,22511,14879,7129,135,94,10,31,233,2500,837,47,47,12,11,1386,160
"Greene County","Greene County, Georgia","1003453171","48628232","050","00","3","5","13133","13","133",15994,15994,7809,8185,15994,898,959,903,537,1064,1736,1631,2120,2788,2238,826,294,15994,15101,8771,6078,38,54,10,15,135,893,285,27,12,0,3,525,41
"Gwinnett County","Gwinnett County, Georgia","1114687261","16555611","050","00","3","5","13135","13","135",805321,805321,397153,408168,805321,62242,66698,66330,39437,68532,115054,133548,121973,76402,34060,15764,5281,805321,643286,354316,184122,1535,84763,343,2489,15718,162035,75247,6045,2503,529,134,68003,9574
"Habersham County","Habersham County, Georgia","716752092","5919798","050","00","3","5","13137","13","137",43041,43041,20301,22740,43041,2885,2953,2837,1629,3837,5402,5666,5929,5304,3745,2137,717,43041,37708,34621,1412,81,955,47,34,558,5333,2272,32,114,5,18,2679,213
"Hall County","Hall County, Georgia","1017300166","94568081","050","00","3","5","13139","13","139",179684,179684,89601,90083,179684,14123,14573,13536,7934,16721,24141,25660,24185,18801,11571,6246,2193,179684,132778,114300,12757,372,3181,57,249,1862,46906,18897,522,439,45,110,24793,2100
"Hancock County","Hancock County, Georgia","1222061286","17715202","050","00","3","5","13141","13","141",9429,9429,5170,4259,9429,433,415,484,387,844,1249,1184,1541,1424,875,425,168,9429,9290,2212,6959,21,47,1,0,50,139,88,24,14,0,0,6,7
"Haralson County","Haralson County, Georgia","730804051","2616008","050","00","3","5","13143","13","143",28780,28780,14072,14708,28780,1848,2085,2080,1220,2529,3307,4043,4172,3460,2402,1213,421,28780,28462,26516,1342,63,139,2,21,379,318,191,11,3,2,0,94,17
"Harris County","Harris County, Georgia","1201414214","23536240","050","00","3","5","13145","13","145",32024,32024,15975,16049,32024,1762,2104,2241,1511,2331,2944,4564,5447,4882,2656,1223,359,32024,31152,24848,5457,100,280,17,45,405,872,544,49,8,7,0,193,71
"Hart County","Hart County, Georgia","601897046","63595058","050","00","3","5","13147","13","147",25213,25213,12455,12758,25213,1542,1522,1590,957,1973,2627,3190,3718,3567,2561,1466,500,25213,24427,19213,4691,28,211,0,21,263,786,302,19,1,7,0,401,56
"Heard County","Heard County, Georgia","766714528","13116455","050","00","3","5","13149","13","149",11834,11834,5885,5949,11834,746,822,887,593,976,1253,1695,1816,1481,949,451,165,11834,11611,10190,1152,32,56,2,4,175,223,94,7,4,0,1,87,30
"Henry County","Henry County, Georgia","834304554","11447521","050","00","3","5","13151","13","151",203922,203922,97859,106063,203922,13835,16514,18231,11077,16718,24777,34428,31077,20217,10769,4926,1353,203922,192109,107083,74056,482,5902,110,504,3972,11813,5118,1221,73,66,19,4311,1005
"Houston County","Houston County, Georgia","972645761","11344823","050","00","3","5","13153","13","153",139900,139900,68066,71834,139900,10211,10345,10279,6656,13333,19992,18918,21205,14390,8463,4706,1402,139900,131385,84703,39535,392,3360,96,210,3089,8515,3923,463,83,43,89,3150,764
"Irwin County","Irwin County, Georgia","917743923","21807567","050","00","3","5","13155","13","155",9538,9538,4804,4734,9538,602,658,668,387,819,1181,1289,1308,1141,853,447,185,9538,9310,6719,2459,2,61,0,6,63,228,92,13,0,0,0,101,22
"Jackson County","Jackson County, Georgia","879722928","8900197","050","00","3","5","13157","13","157",60485,60485,30002,30483,60485,4313,4675,4466,2591,4724,7754,9182,8777,6806,4514,1966,717,60485,56749,50695,4050,91,1026,12,59,816,3736,1801,53,33,7,1,1590,251
"Jasper County","Jasper County, Georgia","953542690","13725963","050","00","3","5","13159","13","159",13900,13900,6916,6984,13900,946,976,968,585,1130,1634,1870,2096,1931,1065,524,175,13900,13390,10095,3030,40,30,1,18,176,510,176,7,15,0,0,255,57
"Jeff Davis County","Jeff Davis County, Georgia","856613114","12063799","050","00","3","5","13161","13","161",15068,15068,7464,7604,15068,1183,1190,1151,642,1307,1882,1939,2073,1827,1161,538,175,15068,13491,11056,2212,27,70,0,6,120,1577,407,12,7,0,0,1091,60
"Jefferson County","Jefferson County, Georgia","1363589314","8241842","050","00","3","5","13163","13","163",16930,16930,8183,8747,16930,1171,1221,1139,740,1469,1962,2119,2360,2251,1397,785,316,16930,16413,7015,9187,18,64,2,13,114,517,191,26,0,4,0,262,34
"Jenkins County","Jenkins County, Georgia","899448996","13452255","050","00","3","5","13165","13","165",8340,8340,3959,4381,8340,613,607,642,374,744,894,959,1150,1101,664,428,164,8340,8006,4508,3353,22,36,1,7,79,334,71,27,4,0,3,212,17
"Johnson County","Johnson County, Georgia","784793399","9278578","050","00","3","5","13167","13","167",9980,9980,5592,4388,9980,550,585,614,341,779,1382,1414,1653,1273,775,450,164,9980,9794,6219,3461,17,22,3,7,65,186,82,28,2,0,0,58,16
"Jones County","Jones County, Georgia","1020281755","3842707","050","00","3","5","13169","13","169",28669,28669,13870,14799,28669,1890,2027,2197,1359,2219,3250,4010,4497,3634,2201,1020,365,28669,28354,20830,6977,61,186,2,25,273,315,159,31,2,1,1,78,43
"Lamar County","Lamar County, Georgia","475262611","6046031","050","00","3","5","13171","13","171",18317,18317,8852,9465,18317,1087,1056,1063,663,2677,2044,2268,2586,2386,1482,748,257,18317,17976,11943,5621,34,68,2,22,286,341,155,29,13,4,0,120,20
"Lanier County","Lanier County, Georgia","479824426","37625302","050","00","3","5","13173","13","173",10078,10078,5084,4994,10078,896,729,706,437,963,1552,1306,1363,1022,680,347,77,10078,9617,6899,2367,38,101,3,4,205,461,219,23,15,2,0,171,31
"Laurens County","Laurens County, Georgia","2090886200","28942290","050","00","3","5","13175","13","175",48434,48434,23066,25368,48434,3462,3489,3315,2209,4098,5893,6282,6820,5982,3834,2176,874,48434,47291,28920,17268,87,478,4,41,493,1143,435,56,13,5,0,550,84
"Lee County","Lee County, Georgia","921475641","15407913","050","00","3","5","13177","13","177",28298,28298,14097,14201,28298,1865,2261,2402,1407,2252,3566,4465,4413,3313,1461,665,228,28298,27738,21453,5239,66,609,19,25,327,560,310,29,8,8,0,145,60
"Liberty County","Liberty County, Georgia","1268578765","291960039","050","00","3","5","13179","13","179",63453,63453,30962,32491,63453,6552,5244,4540,2855,8837,10472,7748,7909,5325,2654,1019,298,63453,57294,27085,26018,287,1182,364,142,2216,6159,2796,787,71,65,28,1668,744
"Lincoln County","Lincoln County, Georgia","544880697","121517149","050","00","3","5","13181","13","181",7996,7996,3896,4100,7996,420,415,482,334,637,714,1000,1313,1285,868,424,104,7996,7898,5201,2562,27,32,1,9,66,98,56,8,1,0,0,24,9
"Long County","Long County, Georgia","1036755278","9116399","050","00","3","5","13183","13","183",14464,14464,7162,7302,14464,1355,1198,1188,678,1506,2271,1977,1920,1316,635,297,123,14464,12686,8491,3541,76,110,51,32,385,1778,535,106,15,5,5,1007,105
"Lowndes County","Lowndes County, Georgia","1284805506","37578770","050","00","3","5","13185","13","185",109233,109233,53285,55948,109233,8264,7329,7120,4257,19016,15729,13127,13386,10312,6178,3371,1144,109233,103995,61234,38815,305,1561,92,244,1744,5238,2251,327,111,30,30,1921,568
"Lumpkin County","Lumpkin County, Georgia","732793111","3273378","050","00","3","5","13187","13","187",29966,29966,14894,15072,29966,1765,1688,1743,1045,4812,3557,3543,4233,3786,2428,1081,285,29966,28622,27519,310,167,133,24,10,459,1344,758,30,10,5,3,454,84
"McDuffie County","McDuffie County, Georgia","666820495","23120857","050","00","3","5","13189","13","189",21875,21875,10250,11625,21875,1559,1576,1602,961,1913,2473,2714,3268,2837,1779,869,324,21875,21400,12310,8661,56,74,15,23,261,475,208,45,9,2,0,168,43
"McIntosh County","McIntosh County, Georgia","1098929183","387447582","050","00","3","5","13191","13","191",14333,14333,6989,7344,14333,785,799,857,637,1094,1348,1768,2295,2272,1603,682,193,14333,14106,8716,5132,46,45,5,14,148,227,95,17,7,0,5,74,29
"Macon County","Macon County, Georgia","1037654091","13859159","050","00","3","5","13193","13","193",14740,14740,7973,6767,14740,857,838,924,634,1445,2056,1908,2256,1995,1121,536,170,14740,14213,4961,8902,19,190,18,5,118,527,216,31,21,5,2,225,27
"Madison County","Madison County, Georgia","731181736","8487230","050","00","3","5","13195","13","195",28120,28120,13898,14222,28120,1727,1888,1990,1269,2318,3256,3837,4403,3678,2322,1086,346,28120,26981,24106,2320,63,173,0,32,287,1139,528,35,11,5,1,495,64
"Marion County","Marion County, Georgia","947944161","3825422","050","00","3","5","13197","13","197",8742,8742,4305,4437,8742,569,568,569,390,814,876,1070,1447,1224,825,295,95,8742,8172,5100,2837,40,77,13,6,99,570,154,19,4,1,0,352,40
"Meriwether County","Meriwether County, Georgia","1298161653","10834104","050","00","3","5","13199","13","199",21992,21992,10492,11500,21992,1429,1422,1475,884,1846,2477,2573,3310,3109,2078,1006,383,21992,21645,12606,8583,67,141,2,18,228,347,135,22,10,0,0,146,34
"Miller County","Miller County, Georgia","731466754","3216381","050","00","3","5","13201","13","201",6125,6125,2929,3196,6125,423,406,372,235,488,674,741,864,799,597,366,160,6125,6032,4237,1697,14,23,0,0,61,93,29,23,1,5,0,25,10
"Mitchell County","Mitchell County, Georgia","1326293194","4504169","050","00","3","5","13205","13","205",23498,23498,12186,11312,23498,1732,1561,1614,929,2198,3065,3153,3429,2730,1771,938,378,23498,22470,10894,11185,60,120,4,18,189,1028,370,34,17,2,6,557,42
"Monroe County","Monroe County, Georgia","1024750743","5575307","050","00","3","5","13207","13","207",26424,26424,13271,13153,26424,1461,1645,1723,1124,2249,2898,3492,4380,3783,2162,1082,425,26424,25889,19101,6249,64,209,4,14,248,535,264,19,5,5,0,214,28
"Montgomery County","Montgomery County, Georgia","620362830","13388730","050","00","3","5","13209","13","209",9123,9123,4695,4428,9123,552,560,623,349,1143,1084,1190,1301,1148,742,343,88,9123,8643,6144,2372,6,26,1,4,90,480,147,25,0,0,0,299,9
"Morgan County","Morgan County, Georgia","899630975","18832334","050","00","3","5","13211","13","211",17868,17868,8636,9232,17868,1026,1218,1384,811,1230,1792,2393,2796,2444,1665,823,286,17868,17374,12814,4199,45,106,0,17,193,494,170,9,9,0,0,268,38
"Murray County","Murray County, Georgia","892163642","5688079","050","00","3","5","13213","13","213",39628,39628,19652,19976,39628,2822,3019,2999,1808,3596,4940,5908,5817,4433,2765,1229,292,39628,34474,33666,212,94,110,1,15,376,5154,1654,33,65,6,24,3118,254
"Muscogee County","Muscogee County, Georgia","560435436","11968740","050","00","3","5","13215","13","215",189885,189885,90870,99015,189885,14135,13226,12980,8257,21662,28231,23433,25679,20200,11465,7807,2810,189885,177775,82890,85119,599,4061,378,432,4296,12110,4980,1284,132,67,53,4122,1472
"Newton County","Newton County, Georgia","704894510","18224766","050","00","3","5","13217","13","217",99958,99958,47626,52332,99958,7563,8105,8210,4995,8795,12665,15662,13719,10414,5972,2906,952,99958,95323,51995,40371,199,881,34,169,1674,4635,1759,507,33,25,3,1899,409
"Oconee County","Oconee County, Georgia","477308229","5393182","050","00","3","5","13219","13","219",32808,32808,16007,16801,32808,1924,2693,2912,1774,2260,3053,4915,5498,4201,2147,1012,419,32808,31372,28306,1610,31,1016,4,35,370,1436,698,25,18,6,1,606,82
"Oglethorpe County","Oglethorpe County, Georgia","1137034709","7839225","050","00","3","5","13221","13","221",14899,14899,7385,7514,14899,877,987,1039,652,1168,1709,2090,2330,1933,1302,600,212,14899,14353,11429,2557,33,65,2,18,249,546,233,9,2,0,0,267,35
"Paulding County","Paulding County, Georgia","808643215","5498097","050","00","3","5","13223","13","223",142324,142324,69578,72746,142324,11186,12510,12294,7104,11310,19394,25400,20386,12520,6576,2849,795,142324,135060,106739,23810,353,1237,58,280,2583,7264,3778,511,74,34,9,2154,704
"Peach County","Peach County, Georgia","389190656","2676298","050","00","3","5","13225","13","225",27695,27695,13416,14279,27695,1831,1695,1731,1063,4834,3170,3161,3874,3172,1910,967,287,27695,25805,12499,12647,59,222,8,26,344,1890,884,68,8,1,0,848,81
"Pickens County","Pickens County, Georgia","601025731","1695924","050","00","3","5","13227","13","227",29431,29431,14440,14991,29431,1742,1935,1883,1077,2142,3133,3990,4281,4443,3084,1330,391,29431,28612,27802,297,69,118,5,13,308,819,369,15,12,1,2,383,37
"Pierce County","Pierce County, Georgia","819714945","69246241","050","00","3","5","13229","13","229",18758,18758,9202,9556,18758,1309,1400,1371,816,1432,2222,2555,2647,2375,1600,768,263,18758,17871,15860,1646,70,58,12,10,215,887,433,20,10,1,0,379,44
"Pike County","Pike County, Georgia","559659405","8596833","050","00","3","5","13231","13","231",17869,17869,8742,9127,17869,1011,1400,1554,873,1327,1883,2701,2785,2139,1363,609,224,17869,17676,15506,1825,52,55,1,15,222,193,100,12,3,1,0,58,19
"Polk County","Polk County, Georgia","803754838","4686006","050","00","3","5","13233","13","233",41475,41475,20518,20957,41475,3307,3142,2976,1621,3779,5270,5308,5783,4754,3204,1738,593,41475,36590,30492,5150,73,270,16,53,536,4885,1482,40,42,11,20,3067,223
"Pulaski County","Pulaski County, Georgia","644987096","5634982","050","00","3","5","13235","13","235",12010,12010,5191,6819,12010,707,734,718,419,910,1510,1652,1857,1621,1151,567,164,12010,11545,7494,3808,30,103,2,18,90,465,185,16,10,2,3,216,33
"Putnam County","Putnam County, Georgia","892610760","41562906","050","00","3","5","13237","13","237",21218,21218,10331,10887,21218,1346,1276,1239,740,1582,2384,2438,3029,3339,2491,1045,309,21218,19871,14024,5497,27,107,9,23,184,1347,384,25,11,0,9,844,74
"Quitman County","Quitman County, Georgia","391703085","24158294","050","00","3","5","13239","13","239",2513,2513,1200,1313,2513,133,147,154,80,195,217,287,316,430,325,186,43,2513,2479,1265,1198,3,2,0,0,11,34,25,6,1,0,0,2,0
"Rabun County","Rabun County, Georgia","958276574","17845339","050","00","3","5","13241","13","241",16276,16276,8025,8251,16276,817,868,1023,721,1167,1501,1884,2309,2527,2045,1056,358,16276,14975,14468,144,53,114,7,10,179,1301,717,12,15,2,1,481,73
"Randolph County","Randolph County, Georgia","1109126837","6830057","050","00","3","5","13243","13","243",7719,7719,3552,4167,7719,499,437,481,311,701,823,809,1174,1108,717,452,207,7719,7600,2781,4747,5,22,0,4,41,119,46,22,0,1,0,31,19
"Richmond County","Richmond County, Georgia","840000029","11046882","050","00","3","5","13245","13","245",200549,200549,97015,103534,200549,14851,13400,12637,8417,25069,30312,23260,27454,22437,12665,7399,2648,200549,192342,76236,107365,570,3278,374,310,4209,8207,3388,1268,115,53,26,2336,1021
"Rockdale County","Rockdale County, Georgia","336161686","5969943","050","00","3","5","13247","13","247",85215,85215,40533,44682,85215,5763,6049,6703,4399,7681,9877,12271,13206,10200,5389,2688,989,85215,77152,34826,38996,179,1498,52,230,1371,8063,3361,563,74,18,4,3586,457
"Schley County","Schley County, Georgia","432283853","2376378","050","00","3","5","13249","13","249",5010,5010,2407,2603,5010,318,452,467,266,385,485,754,685,541,464,151,42,5010,4849,3612,1167,2,36,0,0,32,161,46,2,0,0,0,96,17
"Screven County","Screven County, Georgia","1670803650","27889028","050","00","3","5","13251","13","251",14593,14593,7116,7477,14593,993,898,976,823,1280,1612,1723,2106,2008,1212,681,281,14593,14413,7898,6283,33,56,1,3,139,180,67,35,13,1,0,38,26
"Seminole County","Seminole County, Georgia","609232736","55244218","050","00","3","5","13253","13","253",8729,8729,4139,4590,8729,501,537,617,349,632,871,1002,1323,1240,958,510,189,8729,8525,5516,2887,12,33,0,10,67,204,78,29,0,2,0,75,20
"Spalding County","Spalding County, Georgia","508851760","8084983","050","00","3","5","13255","13","255",64073,64073,31046,33027,64073,4625,4555,4408,2623,5747,8324,8461,9002,7789,5016,2560,963,64073,61622,38986,20937,153,567,30,79,870,2451,1162,93,60,7,4,945,180
"Stephens County","Stephens County, Georgia","463948106","13121977","050","00","3","5","13257","13","257",26175,26175,12528,13647,26175,1620,1587,1684,1061,2542,2814,3163,3772,3584,2507,1360,481,26175,25542,22006,2821,68,175,13,32,427,633,280,24,9,3,2,225,90
"Stewart County","Stewart County, Georgia","1188113818","12636841","050","00","3","5","13259","13","259",6058,6058,3682,2376,6058,273,201,271,204,682,1160,925,792,692,454,270,134,6058,4604,1655,2833,11,44,1,9,51,1454,41,31,0,0,0,1373,9
"Sumter County","Sumter County, Georgia","1250179595","25787952","050","00","3","5","13261","13","261",32819,32819,15627,17192,32819,2367,2159,2290,1485,4367,4162,3865,4189,3792,2269,1305,569,32819,31102,13413,16894,95,418,9,12,261,1717,439,107,11,3,12,1028,117
"Talbot County","Talbot County, Georgia","1013691766","8737087","050","00","3","5","13263","13","263",6865,6865,3245,3620,6865,362,367,445,290,516,614,766,1224,1162,708,315,96,6865,6774,2639,4039,18,9,0,3,66,91,40,26,0,0,0,23,2
"Taliaferro County","Taliaferro County, Georgia","504031776","1915723","050","00","3","5","13265","13","265",1717,1717,841,876,1717,96,69,98,60,159,154,195,270,264,190,105,57,1717,1682,625,1024,2,8,0,0,23,35,15,0,0,3,0,16,1
"Tattnall County","Tattnall County, Georgia","1241648097","23169438","050","00","3","5","13267","13","267",25520,25520,14860,10660,25520,1496,1459,1533,918,2567,4192,3818,3846,2720,1800,868,303,25520,23018,15196,7424,54,99,11,16,218,2502,795,41,33,0,6,1511,116
"Taylor County","Taylor County, Georgia","975612230","7803620","050","00","3","5","13269","13","269",8906,8906,4301,4605,8906,543,565,620,450,768,958,1155,1369,1148,811,375,144,8906,8742,5123,3485,5,57,0,4,68,164,85,18,1,0,0,54,6
"Telfair County","Telfair County, Georgia","1132610545","17366962","050","00","3","5","13271","13","271",16500,16500,9452,7048,16500,946,928,862,580,1350,2539,2535,2509,2000,1214,753,284,16500,14474,8429,5830,8,90,4,3,110,2026,969,187,18,6,0,671,175
"Terrell County","Terrell County, Georgia","868783601","5863427","050","00","3","5","13273","13","273",9315,9315,4479,4836,9315,669,603,629,403,894,1023,1027,1408,1271,809,408,171,9315,9158,3366,5683,14,29,0,3,63,157,41,17,4,0,1,71,23
"Thomas County","Thomas County, Georgia","1410495980","19742306","050","00","3","5","13275","13","275",44720,44720,21179,23541,44720,3035,3009,3149,1944,3680,5134,5619,6699,5711,3739,2140,861,44720,43445,26081,16416,166,306,7,49,420,1275,564,81,30,5,0,470,125
"Tift County","Tift County, Georgia","670585617","25574884","050","00","3","5","13277","13","277",40118,40118,19210,20908,40118,2960,2903,2834,1663,4825,5100,4933,5322,4455,2843,1628,652,40118,36081,23555,11549,72,507,8,33,357,4037,1090,69,13,5,0,2589,271
"Toombs County","Toombs County, Georgia","942767920","18098787","050","00","3","5","13279","13","279",27223,27223,12928,14295,27223,2219,2082,2059,1255,2334,3339,3402,3637,3154,2150,1137,455,27223,24168,16887,6716,37,199,14,42,273,3055,841,51,37,1,0,1977,148
"Towns County","Towns County, Georgia","431395530","14037948","050","00","3","5","13281","13","281",10471,10471,4996,5475,10471,383,452,510,296,1071,734,1035,1258,1671,1719,1007,335,10471,10265,10102,39,30,43,0,1,50,206,130,2,1,1,1,60,11
"Treutlen County","Treutlen County, Georgia","516536589","7805614","050","00","3","5","13283","13","283",6885,6885,3449,3436,6885,496,488,486,243,639,941,830,977,845,513,314,113,6885,6782,4466,2239,10,13,0,2,52,103,22,8,4,0,0,53,16
"Troup County","Troup County, Georgia","1072223976","82812028","050","00","3","5","13285","13","285",67044,67044,32215,34829,67044,4749,4864,5043,3146,6395,8213,8867,9550,7914,4519,2683,1101,67044,64874,40408,22319,134,1054,21,85,853,2170,808,75,34,6,33,1055,159
"Turner County","Turner County, Georgia","739164599","11881250","050","00","3","5","13287","13","287",8930,8930,4358,4572,8930,597,598,613,395,836,1067,1092,1205,1126,773,443,185,8930,8648,4820,3697,19,40,0,22,50,282,66,15,10,0,0,176,15
"Twiggs County","Twiggs County, Georgia","928246376","10972021","050","00","3","5","13289","13","289",9023,9023,4398,4625,9023,522,471,496,367,785,846,1030,1639,1408,904,438,117,9023,8899,5059,3703,27,14,1,6,89,124,64,21,1,0,0,24,14
"Union County","Union County, Georgia","833785120","18333198","050","00","3","5","13291","13","291",21356,21356,10397,10959,21356,927,1028,1182,656,1308,1698,2220,2991,3671,3335,1717,623,21356,20837,20345,95,66,75,4,13,239,519,323,4,6,0,0,171,15
"Upson County","Upson County, Georgia","837697129","10663300","050","00","3","5","13293","13","293",27153,27153,13024,14129,27153,1691,1685,1812,1229,2351,3017,3489,4057,3570,2434,1304,514,27153,26565,18522,7544,61,124,3,19,292,588,171,46,15,3,6,304,43
"Walker County","Walker County, Georgia","1156117093","1672680","050","00","3","5","13295","13","295",68756,68756,33781,34975,68756,4202,4413,4816,2825,5317,8432,9322,10252,8875,5900,3252,1150,68756,67643,63343,2809,170,291,30,53,947,1113,575,20,12,6,0,368,132
"Walton County","Walton County, Georgia","843508113","11187622","050","00","3","5","13297","13","297",83768,83768,40763,43005,83768,5804,6351,6498,3935,6657,9869,12523,12309,9730,5982,2966,1144,83768,81085,65677,12993,194,947,38,159,1077,2683,1380,110,28,9,10,972,174
"Ware County","Ware County, Georgia","2311462171","40215551","050","00","3","5","13299","13","299",36312,36312,18069,18243,36312,2500,2298,2296,1463,3464,4681,4528,5109,4442,2855,1892,784,36312,35105,23583,10662,97,278,7,35,443,1207,520,59,23,1,6,508,90
"Warren County","Warren County, Georgia","736328597","6189505","050","00","3","5","13301","13","301",5834,5834,2694,3140,5834,403,385,333,252,458,582,659,905,810,578,332,137,5834,5780,2133,3584,9,21,0,2,31,54,19,18,1,1,0,10,5
"Washington County","Washington County, Georgia","1757182927","15290061","050","00","3","5","13303","13","303",21187,21187,10812,10375,21187,1407,1297,1365,977,1867,2687,2695,3407,2604,1586,897,398,21187,20780,9339,11124,19,104,1,26,167,407,192,49,6,0,0,117,43
"Wayne County","Wayne County, Georgia","1662194319","18179669","050","00","3","5","13305","13","305",30099,30099,15719,14380,30099,2182,2074,1983,1222,2534,3963,4353,4320,3606,2264,1231,367,30099,28380,21749,5928,82,160,6,12,443,1719,809,68,45,1,0,637,159
"Webster County","Webster County, Georgia","541613654","2965859","050","00","3","5","13307","13","307",2799,2799,1362,1437,2799,164,209,218,119,208,270,381,426,384,239,126,55,2799,2701,1492,1177,0,7,0,1,24,98,20,8,0,0,0,65,5
"Wheeler County","Wheeler County, Georgia","765301286","12390103","050","00","3","5","13309","13","309",7421,7421,4580,2841,7421,409,425,376,189,763,1250,1097,1133,897,488,288,106,7421,7065,4405,2582,6,16,0,2,54,356,147,32,0,0,2,172,3
"White County","White County, Georgia","623374958","3939977","050","00","3","5","13311","13","311",27144,27144,13269,13875,27144,1589,1685,1823,1103,2241,2717,3408,3970,3854,2889,1443,422,27144,26497,25453,454,120,124,9,12,325,647,371,3,11,0,0,218,44
"Whitfield County","Whitfield County, Georgia","752297142","1530155","050","00","3","5","13313","13","313",102599,102599,51118,51481,102599,8131,8290,8117,4745,9777,13506,14464,13638,10486,6669,3578,1198,102599,70128,63818,3631,180,1292,29,96,1082,32471,14805,214,478,38,41,15333,1562
"Wilcox County","Wilcox County, Georgia","978250169","11444222","050","00","3","5","13315","13","315",9255,9255,5436,3819,9255,481,471,512,323,839,1407,1357,1380,1164,705,432,184,9255,8917,5544,3233,15,41,1,12,71,338,162,19,1,1,0,137,18
"Wilkes County","Wilkes County, Georgia","1215973866","11924803","050","00","3","5","13317","13","317",10593,10593,5169,5424,10593,632,597,686,441,766,1139,1245,1597,1519,1097,606,268,10593,10232,5495,4516,14,48,1,14,144,361,121,19,4,4,0,203,10
"Wilkinson County","Wilkinson County, Georgia","1158522024","12022592","050","00","3","5","13319","13","319",9563,9563,4582,4981,9563,658,636,636,394,756,1035,1118,1551,1275,881,476,147,9563,9349,5529,3664,20,31,1,14,90,214,69,8,9,0,0,113,15
"Worth County","Worth County, Georgia","1478111101","10498400","050","00","3","5","13321","13","321",21679,21679,10397,11282,21679,1434,1407,1537,965,1969,2333,2709,3302,2889,1902,896,336,21679,21344,15044,5951,48,74,4,12,211,335,188,27,10,0,2,86,22
